{"cameraMode":{"drawMode":0,"name":"Shaded","section":"Shading Mode"},"sceneLighting":true,"audioPlay":false,"sceneViewState":{"m_AlwaysRefresh":false,"showFog":true,"showSkybox":true,"showFlares":true,"showImageEffects":true,"showParticleSystems":true,"showVisualEffectGraphs":true,"m_FxEnabled":true},"in2DMode":false,"pivot":{"x":0.0005329251289367676,"y":1.0520260334014893,"z":-0.015502750873565674},"rotation":{"x":-0.1093469113111496,"y":0.06614276766777039,"z":-0.007346099242568016,"w":-0.9918178915977478},"size":1.1785410642623902,"orthographic":false}